{
  "schema": "nova.complete_trip.od_stats.v1",
  "generated_at": "2026-01-07T01:49:00.854628Z",
  "od": {
    "origin": "49035114000",
    "destination": "49035110106"
  },
  "coverage": {
    "temporal": "year-2020",
    "spatial": "Salt Lake 6-county"
  },
  "counts": {
    "linked_trips": 213
  },
  "trip_duration_min": {
    "min": 15.766666666666667,
    "mean": 77.7039123630673,
    "p25": 31.966666666666665,
    "median": 51.18333333333333,
    "p75": 88.65,
    "max": 427.03333333333336
  },
  "transfers": {
    "avg": 0.0,
    "p75": 0,
    "max": 0
  },
  "mode_involvement": {
    "car": 0.9014084507042254,
    "bus": 0.014084507042253521,
    "rail": 0.046948356807511735,
    "walk": 0.0
  },
  "travel_time_distribution": {
    "bin_width_min": 5,
    "max_time_min": 180,
    "bin_edges_min": [
      0,
      5,
      10,
      15,
      20,
      25,
      30,
      35,
      40,
      45,
      50,
      55,
      60,
      65,
      70,
      75,
      80,
      85,
      90,
      95,
      100,
      105,
      110,
      115,
      120,
      125,
      130,
      135,
      140,
      145,
      150,
      155,
      160,
      165,
      170,
      175,
      180
    ],
    "counts": [
      0,
      0,
      0,
      11,
      17,
      19,
      16,
      14,
      14,
      12,
      12,
      11,
      10,
      2,
      5,
      6,
      2,
      9,
      5,
      1,
      5,
      3,
      0,
      4,
      2,
      2,
      3,
      1,
      3,
      1,
      0,
      1,
      0,
      0,
      0,
      22
    ]
  }
}