{
  "schema": "nova.complete_trip.od_stats.v1",
  "generated_at": "2026-01-08T00:40:28.085710Z",
  "od": {
    "origin": "49035114000",
    "destination": "49035101402"
  },
  "coverage": {
    "temporal": "year-2020",
    "spatial": "Salt Lake 6-county"
  },
  "counts": {
    "linked_trips": 557
  },
  "trip_duration_min": {
    "min": 3.6666666666666665,
    "mean": 21.563794135248354,
    "p25": 15.016666666666667,
    "median": 19.433333333333334,
    "p75": 24.483333333333334,
    "max": 222.43333333333334
  },
  "segments": {
    "avg": 1.0754039497307002,
    "p75": 1,
    "max": 3
  },
  "mode_involvement": {
    "car": 0.46858168761220825,
    "bus": 0.0718132854578097,
    "rail": 0.3303411131059246,
    "walk": 0.0
  },
  "travel_time_distribution": {
    "bin_width_min": 5,
    "max_time_min": 180,
    "bin_edges_min": [
      0,
      5,
      10,
      15,
      20,
      25,
      30,
      35,
      40,
      45,
      50,
      55,
      60,
      65,
      70,
      75,
      80,
      85,
      90,
      95,
      100,
      105,
      110,
      115,
      120,
      125,
      130,
      135,
      140,
      145,
      150,
      155,
      160,
      165,
      170,
      175,
      180
    ],
    "counts": [
      1,
      25,
      111,
      157,
      131,
      60,
      34,
      14,
      7,
      8,
      1,
      0,
      3,
      0,
      0,
      2,
      0,
      0,
      0,
      0,
      1,
      0,
      0,
      0,
      0,
      0,
      0,
      0,
      0,
      0,
      0,
      0,
      0,
      0,
      0,
      2
    ]
  }
}