{
  "schema": "nova.complete_trip.od_stats.v1",
  "generated_at": "2026-01-07T23:56:38.667363Z",
  "od": {
    "origin": "49035980000",
    "destination": "49035101402"
  },
  "coverage": {
    "temporal": "year-2020",
    "spatial": "Salt Lake 6-county"
  },
  "counts": {
    "linked_trips": 583
  },
  "trip_duration_min": {
    "min": 5.95,
    "mean": 34.94122355631789,
    "p25": 23.266666666666666,
    "median": 28.533333333333335,
    "p75": 36.266666666666666,
    "max": 568.45
  },
  "segments": {
    "avg": 1.0,
    "p75": 1,
    "max": 1
  },
  "mode_involvement": {
    "car": 0.6946826758147513,
    "bus": 0.018867924528301886,
    "rail": 0.2641509433962264,
    "walk": 0.0
  },
  "travel_time_distribution": {
    "bin_width_min": 5,
    "max_time_min": 180,
    "bin_edges_min": [
      0,
      5,
      10,
      15,
      20,
      25,
      30,
      35,
      40,
      45,
      50,
      55,
      60,
      65,
      70,
      75,
      80,
      85,
      90,
      95,
      100,
      105,
      110,
      115,
      120,
      125,
      130,
      135,
      140,
      145,
      150,
      155,
      160,
      165,
      170,
      175,
      180
    ],
    "counts": [
      0,
      2,
      10,
      54,
      119,
      146,
      99,
      37,
      39,
      15,
      9,
      6,
      12,
      4,
      5,
      1,
      6,
      3,
      2,
      0,
      2,
      0,
      2,
      3,
      0,
      1,
      0,
      0,
      1,
      0,
      0,
      0,
      0,
      2,
      0,
      3
    ]
  }
}