{
  "schema": "nova.complete_trip.od_stats.v1",
  "generated_at": "2026-01-10T13:26:00.814076Z",
  "od": {
    "origin": "49035110106",
    "destination": "49035114000"
  },
  "coverage": {
    "temporal": "year-2020",
    "spatial": "Salt Lake 6-county"
  },
  "counts": {
    "linked_trips": 35
  },
  "trip_duration_min": {
    "min": 11.516666666666667,
    "mean": 67.33095238095237,
    "p25": 27.2,
    "median": 42.63333333333333,
    "p75": 68.24166666666667,
    "max": 329.46666666666664
  },
  "segments": {
    "avg": 1.0,
    "p75": 1,
    "max": 1
  },
  "mode_involvement": {
    "car": 1.0,
    "bus": 0.0,
    "rail": 0.0,
    "walk": 0.0
  },
  "travel_time_distribution": {
    "bin_width_min": 5,
    "max_time_min": 180,
    "bin_edges_min": [
      0,
      5,
      10,
      15,
      20,
      25,
      30,
      35,
      40,
      45,
      50,
      55,
      60,
      65,
      70,
      75,
      80,
      85,
      90,
      95,
      100,
      105,
      110,
      115,
      120,
      125,
      130,
      135,
      140,
      145,
      150,
      155,
      160,
      165,
      170,
      175,
      180
    ],
    "counts": [
      0,
      0,
      2,
      3,
      3,
      3,
      3,
      1,
      4,
      0,
      3,
      0,
      4,
      0,
      2,
      0,
      0,
      1,
      1,
      0,
      0,
      1,
      0,
      0,
      0,
      0,
      0,
      0,
      1,
      0,
      0,
      0,
      0,
      0,
      0,
      3
    ]
  }
}