{
  "schema": "nova.complete_trip.od_stats.v1",
  "generated_at": "2026-01-10T13:26:01.594437Z",
  "od": {
    "origin": "49035110106",
    "destination": "49035101402"
  },
  "coverage": {
    "temporal": "year-2020",
    "spatial": "Salt Lake 6-county"
  },
  "counts": {
    "linked_trips": 30
  },
  "trip_duration_min": {
    "min": 19.766666666666666,
    "mean": 68.49722222222222,
    "p25": 37.50833333333333,
    "median": 54.333333333333336,
    "p75": 72.87916666666668,
    "max": 233.71666666666667
  },
  "segments": {
    "avg": 1.1333333333333333,
    "p75": 1,
    "max": 3
  },
  "mode_involvement": {
    "car": 0.9,
    "bus": 0.13333333333333333,
    "rail": 0.0,
    "walk": 0.06666666666666667
  },
  "travel_time_distribution": {
    "bin_width_min": 5,
    "max_time_min": 180,
    "bin_edges_min": [
      0,
      5,
      10,
      15,
      20,
      25,
      30,
      35,
      40,
      45,
      50,
      55,
      60,
      65,
      70,
      75,
      80,
      85,
      90,
      95,
      100,
      105,
      110,
      115,
      120,
      125,
      130,
      135,
      140,
      145,
      150,
      155,
      160,
      165,
      170,
      175,
      180
    ],
    "counts": [
      0,
      0,
      0,
      1,
      2,
      1,
      2,
      6,
      1,
      0,
      2,
      3,
      0,
      3,
      2,
      1,
      0,
      0,
      1,
      0,
      0,
      0,
      0,
      0,
      0,
      1,
      0,
      0,
      0,
      1,
      0,
      1,
      1,
      0,
      0,
      1
    ]
  }
}