{
  "schema": "nova.complete_trip.od_stats.v1",
  "generated_at": "2026-01-07T01:56:55.428856Z",
  "od": {
    "origin": "49035110106",
    "destination": "49035101402"
  },
  "coverage": {
    "temporal": "year-2020",
    "spatial": "Salt Lake 6-county"
  },
  "counts": {
    "linked_trips": 217
  },
  "trip_duration_min": {
    "min": 5.033333333333333,
    "mean": 46.65038402457757,
    "p25": 22.866666666666667,
    "median": 34.03333333333333,
    "p75": 55.583333333333336,
    "max": 367.6166666666667
  },
  "transfers": {
    "avg": 0.0,
    "p75": 0,
    "max": 0
  },
  "mode_involvement": {
    "car": 0.9400921658986175,
    "bus": 0.041474654377880185,
    "rail": 0.004608294930875576,
    "walk": 0.0
  },
  "travel_time_distribution": {
    "bin_width_min": 5,
    "max_time_min": 180,
    "bin_edges_min": [
      0,
      5,
      10,
      15,
      20,
      25,
      30,
      35,
      40,
      45,
      50,
      55,
      60,
      65,
      70,
      75,
      80,
      85,
      90,
      95,
      100,
      105,
      110,
      115,
      120,
      125,
      130,
      135,
      140,
      145,
      150,
      155,
      160,
      165,
      170,
      175,
      180
    ],
    "counts": [
      0,
      2,
      4,
      26,
      36,
      31,
      14,
      21,
      10,
      9,
      8,
      10,
      2,
      5,
      5,
      5,
      3,
      3,
      1,
      4,
      2,
      3,
      1,
      0,
      4,
      1,
      0,
      0,
      0,
      1,
      0,
      0,
      3,
      0,
      1,
      2
    ]
  }
}