{
  "schema": "nova.complete_trip.od_stats.v1",
  "generated_at": "2026-01-10T13:25:59.921849Z",
  "od": {
    "origin": "49035980000",
    "destination": "49035110106"
  },
  "coverage": {
    "temporal": "year-2020",
    "spatial": "Salt Lake 6-county"
  },
  "counts": {
    "linked_trips": 17
  },
  "trip_duration_min": {
    "min": 18.316666666666666,
    "mean": 66.70980392156864,
    "p25": 22.783333333333335,
    "median": 56.61666666666667,
    "p75": 82.73333333333333,
    "max": 231.31666666666666
  },
  "segments": {
    "avg": 1.2941176470588236,
    "p75": 1,
    "max": 3
  },
  "mode_involvement": {
    "car": 0.9411764705882353,
    "bus": 0.17647058823529413,
    "rail": 0.0,
    "walk": 0.058823529411764705
  },
  "travel_time_distribution": {
    "bin_width_min": 5,
    "max_time_min": 180,
    "bin_edges_min": [
      0,
      5,
      10,
      15,
      20,
      25,
      30,
      35,
      40,
      45,
      50,
      55,
      60,
      65,
      70,
      75,
      80,
      85,
      90,
      95,
      100,
      105,
      110,
      115,
      120,
      125,
      130,
      135,
      140,
      145,
      150,
      155,
      160,
      165,
      170,
      175,
      180
    ],
    "counts": [
      0,
      0,
      0,
      2,
      4,
      0,
      0,
      0,
      0,
      0,
      1,
      2,
      0,
      1,
      1,
      0,
      2,
      0,
      1,
      1,
      0,
      0,
      0,
      1,
      0,
      0,
      0,
      0,
      0,
      0,
      0,
      0,
      0,
      0,
      0,
      1
    ]
  }
}