{
  "schema": "nova.complete_trip.od_stats.v1",
  "generated_at": "2026-01-07T01:13:14.090192Z",
  "od": {
    "origin": "49035980000",
    "destination": "49035114000"
  },
  "coverage": {
    "temporal": "year-2020",
    "spatial": "Salt Lake 6-county"
  },
  "counts": {
    "linked_trips": 2371
  },
  "trip_duration_min": {
    "min": 2.5166666666666666,
    "p25": 13.566666666666666,
    "median": 19.716666666666665,
    "p75": 30.516666666666666,
    "max": 767.0166666666667
  },
  "transfers": {
    "avg": 0.0012652889076339097,
    "p75": 0,
    "max": 1
  },
  "mode_involvement": {
    "car": 0.6980177140447069,
    "bus": 0.011387600168705188,
    "rail": 0.23871784057359763,
    "walk": 0.0
  }
}