{
  "schema": "nova.complete_trip.od_stats.v1",
  "generated_at": "2026-01-08T00:31:59.015237Z",
  "od": {
    "origin": "49035114000",
    "destination": "49035110106"
  },
  "coverage": {
    "temporal": "year-2020",
    "spatial": "Salt Lake 6-county"
  },
  "counts": {
    "linked_trips": 30
  },
  "trip_duration_min": {
    "min": 22.35,
    "mean": 53.49333333333333,
    "p25": 35.56666666666666,
    "median": 46.35,
    "p75": 63.670833333333334,
    "max": 128.46666666666667
  },
  "segments": {
    "avg": 1.0333333333333334,
    "p75": 1,
    "max": 2
  },
  "mode_involvement": {
    "car": 0.9333333333333333,
    "bus": 0.06666666666666667,
    "rail": 0.03333333333333333,
    "walk": 0.0
  },
  "travel_time_distribution": {
    "bin_width_min": 5,
    "max_time_min": 180,
    "bin_edges_min": [
      0,
      5,
      10,
      15,
      20,
      25,
      30,
      35,
      40,
      45,
      50,
      55,
      60,
      65,
      70,
      75,
      80,
      85,
      90,
      95,
      100,
      105,
      110,
      115,
      120,
      125,
      130,
      135,
      140,
      145,
      150,
      155,
      160,
      165,
      170,
      175,
      180
    ],
    "counts": [
      0,
      0,
      0,
      0,
      1,
      4,
      2,
      6,
      1,
      4,
      2,
      1,
      2,
      0,
      1,
      0,
      1,
      1,
      1,
      0,
      2,
      0,
      0,
      0,
      0,
      1,
      0,
      0,
      0,
      0,
      0,
      0,
      0,
      0,
      0,
      0
    ]
  }
}