{
  "schema": "nova.complete_trip.od_stats.v1",
  "generated_at": "2026-01-07T01:50:39.802928Z",
  "od": {
    "origin": "49035114000",
    "destination": "49035980000"
  },
  "coverage": {
    "temporal": "year-2020",
    "spatial": "Salt Lake 6-county"
  },
  "counts": {
    "linked_trips": 2503
  },
  "trip_duration_min": {
    "min": 2.6,
    "mean": 28.167365827673454,
    "p25": 12.149999999999999,
    "median": 18.4,
    "p75": 29.683333333333334,
    "max": 737.3833333333333
  },
  "transfers": {
    "avg": 0.0015980823012385138,
    "p75": 0,
    "max": 1
  },
  "mode_involvement": {
    "car": 0.6340391530163804,
    "bus": 0.017179384738314023,
    "rail": 0.2876548142229325,
    "walk": 0.0
  },
  "travel_time_distribution": {
    "bin_width_min": 5,
    "max_time_min": 180,
    "bin_edges_min": [
      0,
      5,
      10,
      15,
      20,
      25,
      30,
      35,
      40,
      45,
      50,
      55,
      60,
      65,
      70,
      75,
      80,
      85,
      90,
      95,
      100,
      105,
      110,
      115,
      120,
      125,
      130,
      135,
      140,
      145,
      150,
      155,
      160,
      165,
      170,
      175,
      180
    ],
    "counts": [
      15,
      300,
      604,
      436,
      334,
      201,
      139,
      81,
      79,
      41,
      47,
      25,
      22,
      21,
      16,
      16,
      12,
      14,
      15,
      13,
      6,
      6,
      5,
      7,
      2,
      1,
      6,
      0,
      2,
      3,
      3,
      4,
      1,
      1,
      3,
      22
    ]
  }
}