{
  "schema": "nova.complete_trip.od_stats.v1",
  "generated_at": "2026-01-10T13:26:02.279137Z",
  "od": {
    "origin": "49035101402",
    "destination": "49035114000"
  },
  "coverage": {
    "temporal": "year-2020",
    "spatial": "Salt Lake 6-county"
  },
  "counts": {
    "linked_trips": 597
  },
  "trip_duration_min": {
    "min": 3.5833333333333335,
    "mean": 22.622836404243436,
    "p25": 14.85,
    "median": 18.916666666666668,
    "p75": 23.633333333333333,
    "max": 763.4833333333333
  },
  "segments": {
    "avg": 1.082077051926298,
    "p75": 1,
    "max": 3
  },
  "mode_involvement": {
    "car": 0.4371859296482412,
    "bus": 0.07705192629815745,
    "rail": 0.38860971524288107,
    "walk": 0.16080402010050251
  },
  "travel_time_distribution": {
    "bin_width_min": 5,
    "max_time_min": 180,
    "bin_edges_min": [
      0,
      5,
      10,
      15,
      20,
      25,
      30,
      35,
      40,
      45,
      50,
      55,
      60,
      65,
      70,
      75,
      80,
      85,
      90,
      95,
      100,
      105,
      110,
      115,
      120,
      125,
      130,
      135,
      140,
      145,
      150,
      155,
      160,
      165,
      170,
      175,
      180
    ],
    "counts": [
      2,
      23,
      130,
      174,
      134,
      59,
      30,
      16,
      10,
      4,
      1,
      3,
      4,
      0,
      1,
      1,
      0,
      1,
      0,
      0,
      0,
      0,
      1,
      0,
      0,
      0,
      0,
      0,
      0,
      1,
      0,
      0,
      0,
      0,
      0,
      2
    ]
  }
}