{
  "schema": "nova.complete_trip.od_stats.v1",
  "generated_at": "2026-01-07T02:05:22.452754Z",
  "od": {
    "origin": "49035101402",
    "destination": "49035980000"
  },
  "coverage": {
    "temporal": "year-2020",
    "spatial": "Salt Lake 6-county"
  },
  "counts": {
    "linked_trips": 511
  },
  "trip_duration_min": {
    "min": 5.783333333333333,
    "mean": 35.90681669928245,
    "p25": 22.15,
    "median": 26.7,
    "p75": 36.608333333333334,
    "max": 818.4166666666666
  },
  "transfers": {
    "avg": 0.0,
    "p75": 0,
    "max": 0
  },
  "mode_involvement": {
    "car": 0.5812133072407045,
    "bus": 0.029354207436399216,
    "rail": 0.36007827788649704,
    "walk": 0.0
  },
  "travel_time_distribution": {
    "bin_width_min": 5,
    "max_time_min": 180,
    "bin_edges_min": [
      0,
      5,
      10,
      15,
      20,
      25,
      30,
      35,
      40,
      45,
      50,
      55,
      60,
      65,
      70,
      75,
      80,
      85,
      90,
      95,
      100,
      105,
      110,
      115,
      120,
      125,
      130,
      135,
      140,
      145,
      150,
      155,
      160,
      165,
      170,
      175,
      180
    ],
    "counts": [
      0,
      1,
      12,
      53,
      151,
      101,
      57,
      30,
      28,
      15,
      16,
      7,
      10,
      6,
      3,
      4,
      1,
      1,
      3,
      1,
      0,
      0,
      0,
      0,
      3,
      0,
      1,
      0,
      1,
      0,
      0,
      0,
      0,
      0,
      0,
      6
    ]
  }
}