{
  "schema": "nova.complete_trip.od_stats.v1",
  "generated_at": "2026-01-10T13:25:57.738951Z",
  "od": {
    "origin": "49035114000",
    "destination": "49035980000"
  },
  "coverage": {
    "temporal": "year-2020",
    "spatial": "Salt Lake 6-county"
  },
  "counts": {
    "linked_trips": 301
  },
  "trip_duration_min": {
    "min": 5.516666666666667,
    "mean": 25.376965669988927,
    "p25": 12.666666666666666,
    "median": 18.9,
    "p75": 29.716666666666665,
    "max": 260.4
  },
  "segments": {
    "avg": 1.0664451827242525,
    "p75": 1,
    "max": 3
  },
  "mode_involvement": {
    "car": 0.6378737541528239,
    "bus": 0.019933554817275746,
    "rail": 0.29900332225913623,
    "walk": 0.09302325581395349
  },
  "travel_time_distribution": {
    "bin_width_min": 5,
    "max_time_min": 180,
    "bin_edges_min": [
      0,
      5,
      10,
      15,
      20,
      25,
      30,
      35,
      40,
      45,
      50,
      55,
      60,
      65,
      70,
      75,
      80,
      85,
      90,
      95,
      100,
      105,
      110,
      115,
      120,
      125,
      130,
      135,
      140,
      145,
      150,
      155,
      160,
      165,
      170,
      175,
      180
    ],
    "counts": [
      0,
      28,
      75,
      52,
      50,
      23,
      23,
      13,
      13,
      3,
      4,
      2,
      3,
      0,
      2,
      2,
      0,
      1,
      2,
      0,
      0,
      1,
      0,
      0,
      1,
      0,
      0,
      0,
      0,
      0,
      0,
      0,
      0,
      0,
      2,
      1
    ]
  }
}