{
  "schema": "nova.complete_trip.od_stats.v1",
  "generated_at": "2026-01-07T01:52:22.057604Z",
  "od": {
    "origin": "49035110106",
    "destination": "49035114000"
  },
  "coverage": {
    "temporal": "year-2020",
    "spatial": "Salt Lake 6-county"
  },
  "counts": {
    "linked_trips": 246
  },
  "trip_duration_min": {
    "min": 7.45,
    "mean": 70.90555555555557,
    "p25": 27.45,
    "median": 40.333333333333336,
    "p75": 82.26666666666667,
    "max": 540.8166666666667
  },
  "transfers": {
    "avg": 0.0,
    "p75": 0,
    "max": 0
  },
  "mode_involvement": {
    "car": 0.926829268292683,
    "bus": 0.012195121951219513,
    "rail": 0.044715447154471545,
    "walk": 0.0
  },
  "travel_time_distribution": {
    "bin_width_min": 5,
    "max_time_min": 180,
    "bin_edges_min": [
      0,
      5,
      10,
      15,
      20,
      25,
      30,
      35,
      40,
      45,
      50,
      55,
      60,
      65,
      70,
      75,
      80,
      85,
      90,
      95,
      100,
      105,
      110,
      115,
      120,
      125,
      130,
      135,
      140,
      145,
      150,
      155,
      160,
      165,
      170,
      175,
      180
    ],
    "counts": [
      0,
      1,
      4,
      13,
      26,
      34,
      19,
      23,
      15,
      7,
      13,
      6,
      12,
      1,
      6,
      3,
      6,
      3,
      3,
      0,
      5,
      3,
      3,
      5,
      1,
      3,
      2,
      1,
      1,
      0,
      3,
      2,
      1,
      0,
      1,
      20
    ]
  }
}