{
  "schema": "nova.complete_trip.od_stats.v1",
  "generated_at": "2026-01-08T01:49:18.895650Z",
  "od": {
    "origin": "49035110106",
    "destination": "49035110106"
  },
  "coverage": {
    "temporal": "year-2020",
    "spatial": "Salt Lake 6-county"
  },
  "counts": {
    "linked_trips": 5724
  },
  "trip_duration_min": {
    "min": 0.16666666666666666,
    "mean": 29.528782320055903,
    "p25": 8.05,
    "median": 18.066666666666666,
    "p75": 36.88333333333333,
    "max": 458.1666666666667
  },
  "segments": {
    "avg": 1.0040181691125087,
    "p75": 1,
    "max": 3
  },
  "mode_involvement": {
    "car": 0.4271488469601677,
    "bus": 0.01607267645003494,
    "rail": 0.0,
    "walk": 0.0
  },
  "travel_time_distribution": {
    "bin_width_min": 5,
    "max_time_min": 180,
    "bin_edges_min": [
      0,
      5,
      10,
      15,
      20,
      25,
      30,
      35,
      40,
      45,
      50,
      55,
      60,
      65,
      70,
      75,
      80,
      85,
      90,
      95,
      100,
      105,
      110,
      115,
      120,
      125,
      130,
      135,
      140,
      145,
      150,
      155,
      160,
      165,
      170,
      175,
      180
    ],
    "counts": [
      649,
      1193,
      664,
      568,
      510,
      330,
      288,
      192,
      245,
      126,
      121,
      127,
      109,
      83,
      67,
      51,
      44,
      46,
      38,
      22,
      25,
      27,
      18,
      16,
      20,
      15,
      14,
      11,
      10,
      9,
      9,
      6,
      3,
      7,
      2,
      59
    ]
  }
}