{
  "schema": "nova.complete_trip.od_stats.v1",
  "generated_at": "2026-01-07T01:55:26.532771Z",
  "od": {
    "origin": "49035110106",
    "destination": "49035980000"
  },
  "coverage": {
    "temporal": "year-2020",
    "spatial": "Salt Lake 6-county"
  },
  "counts": {
    "linked_trips": 75
  },
  "trip_duration_min": {
    "min": 16.1,
    "mean": 65.528,
    "p25": 33.80833333333334,
    "median": 45.53333333333333,
    "p75": 71.225,
    "max": 365.48333333333335
  },
  "transfers": {
    "avg": 0.0,
    "p75": 0,
    "max": 0
  },
  "mode_involvement": {
    "car": 0.9866666666666667,
    "bus": 0.0,
    "rail": 0.0,
    "walk": 0.0
  },
  "travel_time_distribution": {
    "bin_width_min": 5,
    "max_time_min": 180,
    "bin_edges_min": [
      0,
      5,
      10,
      15,
      20,
      25,
      30,
      35,
      40,
      45,
      50,
      55,
      60,
      65,
      70,
      75,
      80,
      85,
      90,
      95,
      100,
      105,
      110,
      115,
      120,
      125,
      130,
      135,
      140,
      145,
      150,
      155,
      160,
      165,
      170,
      175,
      180
    ],
    "counts": [
      0,
      0,
      0,
      1,
      4,
      4,
      11,
      7,
      10,
      8,
      5,
      2,
      1,
      2,
      2,
      2,
      0,
      5,
      0,
      1,
      0,
      1,
      2,
      1,
      1,
      0,
      0,
      0,
      0,
      0,
      0,
      0,
      0,
      0,
      0,
      5
    ]
  }
}