{
  "schema": "nova.complete_trip.od_stats.v1",
  "generated_at": "2026-01-07T01:27:20.800091Z",
  "od": {
    "origin": "49035114000",
    "destination": "49035110106"
  },
  "coverage": {
    "temporal": "year-2020",
    "spatial": "Salt Lake 6-county"
  },
  "counts": {
    "linked_trips": 213
  },
  "trip_duration_min": {
    "min": 15.766666666666667,
    "p25": 31.966666666666665,
    "median": 51.18333333333333,
    "p75": 88.65,
    "max": 427.03333333333336
  },
  "transfers": {
    "avg": 0.0,
    "p75": 0,
    "max": 0
  },
  "mode_involvement": {
    "car": 0.9014084507042254,
    "bus": 0.014084507042253521,
    "rail": 0.046948356807511735,
    "walk": 0.0
  },
  "travel_time_distribution": {
    "bin_width_min": 10,
    "max_time_min": 180,
    "bin_edges_min": [
      0,
      10,
      20,
      30,
      40,
      50,
      60,
      70,
      80,
      90,
      100,
      110,
      120,
      130,
      140,
      150,
      160,
      170,
      180
    ],
    "counts": [
      0,
      11,
      36,
      30,
      26,
      23,
      12,
      11,
      11,
      6,
      8,
      4,
      4,
      4,
      4,
      1,
      0,
      22
    ]
  }
}