{
  "schema": "nova.complete_trip.od_stats.v1",
  "generated_at": "2026-01-10T13:26:00.404346Z",
  "od": {
    "origin": "49035980000",
    "destination": "49035101402"
  },
  "coverage": {
    "temporal": "year-2020",
    "spatial": "Salt Lake 6-county"
  },
  "counts": {
    "linked_trips": 102
  },
  "trip_duration_min": {
    "min": 10.35,
    "mean": 34.6906862745098,
    "p25": 22.9875,
    "median": 30.308333333333334,
    "p75": 40.4625,
    "max": 165.23333333333332
  },
  "segments": {
    "avg": 1.0490196078431373,
    "p75": 1,
    "max": 2
  },
  "mode_involvement": {
    "car": 0.7352941176470589,
    "bus": 0.0196078431372549,
    "rail": 0.20588235294117646,
    "walk": 0.058823529411764705
  },
  "travel_time_distribution": {
    "bin_width_min": 5,
    "max_time_min": 180,
    "bin_edges_min": [
      0,
      5,
      10,
      15,
      20,
      25,
      30,
      35,
      40,
      45,
      50,
      55,
      60,
      65,
      70,
      75,
      80,
      85,
      90,
      95,
      100,
      105,
      110,
      115,
      120,
      125,
      130,
      135,
      140,
      145,
      150,
      155,
      160,
      165,
      170,
      175,
      180
    ],
    "counts": [
      0,
      0,
      2,
      8,
      20,
      18,
      21,
      6,
      15,
      3,
      2,
      1,
      0,
      1,
      1,
      0,
      0,
      2,
      0,
      0,
      0,
      0,
      0,
      1,
      0,
      0,
      0,
      0,
      0,
      0,
      0,
      0,
      0,
      1,
      0,
      0
    ]
  }
}