{
  "schema": "nova.complete_trip.od_stats.v1",
  "generated_at": "2026-01-07T02:08:47.298073Z",
  "od": {
    "origin": "49035101402",
    "destination": "49035110106"
  },
  "coverage": {
    "temporal": "year-2020",
    "spatial": "Salt Lake 6-county"
  },
  "counts": {
    "linked_trips": 185
  },
  "trip_duration_min": {
    "min": 11.233333333333333,
    "mean": 51.73549549549549,
    "p25": 24.116666666666667,
    "median": 36.083333333333336,
    "p75": 54.86666666666667,
    "max": 259.06666666666666
  },
  "transfers": {
    "avg": 0.0,
    "p75": 0,
    "max": 0
  },
  "mode_involvement": {
    "car": 0.8486486486486486,
    "bus": 0.10810810810810811,
    "rail": 0.005405405405405406,
    "walk": 0.0
  },
  "travel_time_distribution": {
    "bin_width_min": 5,
    "max_time_min": 180,
    "bin_edges_min": [
      0,
      5,
      10,
      15,
      20,
      25,
      30,
      35,
      40,
      45,
      50,
      55,
      60,
      65,
      70,
      75,
      80,
      85,
      90,
      95,
      100,
      105,
      110,
      115,
      120,
      125,
      130,
      135,
      140,
      145,
      150,
      155,
      160,
      165,
      170,
      175,
      180
    ],
    "counts": [
      0,
      0,
      4,
      10,
      38,
      19,
      17,
      16,
      14,
      13,
      8,
      5,
      4,
      1,
      3,
      3,
      6,
      2,
      1,
      0,
      2,
      2,
      1,
      0,
      1,
      0,
      0,
      2,
      2,
      1,
      0,
      0,
      1,
      0,
      0,
      9
    ]
  }
}