{
  "schema": "nova.complete_trip.od_stats.v1",
  "generated_at": "2026-01-10T13:25:59.490717Z",
  "od": {
    "origin": "49035980000",
    "destination": "49035114000"
  },
  "coverage": {
    "temporal": "year-2020",
    "spatial": "Salt Lake 6-county"
  },
  "counts": {
    "linked_trips": 248
  },
  "trip_duration_min": {
    "min": 4.85,
    "mean": 26.891263440860214,
    "p25": 13.558333333333334,
    "median": 20.075,
    "p75": 29.224999999999998,
    "max": 294.23333333333335
  },
  "segments": {
    "avg": 1.0766129032258065,
    "p75": 1,
    "max": 3
  },
  "mode_involvement": {
    "car": 0.7741935483870968,
    "bus": 0.020161290322580645,
    "rail": 0.1774193548387097,
    "walk": 0.07661290322580645
  },
  "travel_time_distribution": {
    "bin_width_min": 5,
    "max_time_min": 180,
    "bin_edges_min": [
      0,
      5,
      10,
      15,
      20,
      25,
      30,
      35,
      40,
      45,
      50,
      55,
      60,
      65,
      70,
      75,
      80,
      85,
      90,
      95,
      100,
      105,
      110,
      115,
      120,
      125,
      130,
      135,
      140,
      145,
      150,
      155,
      160,
      165,
      170,
      175,
      180
    ],
    "counts": [
      1,
      17,
      56,
      47,
      50,
      16,
      19,
      9,
      8,
      3,
      2,
      3,
      1,
      2,
      3,
      2,
      1,
      0,
      2,
      0,
      1,
      0,
      0,
      0,
      1,
      1,
      0,
      1,
      0,
      0,
      1,
      0,
      0,
      0,
      0,
      1
    ]
  }
}