{
  "schema": "nova.complete_trip.od_stats.v1",
  "generated_at": "2026-01-10T13:26:03.270952Z",
  "od": {
    "origin": "49035101402",
    "destination": "49035110106"
  },
  "coverage": {
    "temporal": "year-2020",
    "spatial": "Salt Lake 6-county"
  },
  "counts": {
    "linked_trips": 25
  },
  "trip_duration_min": {
    "min": 20.2,
    "mean": 58.35466666666666,
    "p25": 32.61666666666667,
    "median": 40.2,
    "p75": 75.3,
    "max": 192.83333333333334
  },
  "segments": {
    "avg": 1.08,
    "p75": 1,
    "max": 2
  },
  "mode_involvement": {
    "car": 0.8,
    "bus": 0.24,
    "rail": 0.0,
    "walk": 0.0
  },
  "travel_time_distribution": {
    "bin_width_min": 5,
    "max_time_min": 180,
    "bin_edges_min": [
      0,
      5,
      10,
      15,
      20,
      25,
      30,
      35,
      40,
      45,
      50,
      55,
      60,
      65,
      70,
      75,
      80,
      85,
      90,
      95,
      100,
      105,
      110,
      115,
      120,
      125,
      130,
      135,
      140,
      145,
      150,
      155,
      160,
      165,
      170,
      175,
      180
    ],
    "counts": [
      0,
      0,
      0,
      0,
      3,
      3,
      2,
      4,
      1,
      3,
      0,
      2,
      0,
      0,
      0,
      2,
      1,
      1,
      0,
      0,
      0,
      1,
      0,
      0,
      0,
      0,
      0,
      0,
      0,
      0,
      0,
      0,
      0,
      0,
      0,
      2
    ]
  }
}