{
  "schema": "nova.complete_trip.od_stats.v1",
  "generated_at": "2026-01-07T23:52:29.189149Z",
  "od": {
    "origin": "49035980000",
    "destination": "49035114000"
  },
  "coverage": {
    "temporal": "year-2020",
    "spatial": "Salt Lake 6-county"
  },
  "counts": {
    "linked_trips": 2371
  },
  "trip_duration_min": {
    "min": 2.5166666666666666,
    "mean": 28.85687473639814,
    "p25": 13.566666666666666,
    "median": 19.716666666666665,
    "p75": 30.516666666666666,
    "max": 767.0166666666667
  },
  "segments": {
    "avg": 1.0012652889076339,
    "p75": 1,
    "max": 2
  },
  "mode_involvement": {
    "car": 0.6980177140447069,
    "bus": 0.011387600168705188,
    "rail": 0.23871784057359763,
    "walk": 0.0
  },
  "travel_time_distribution": {
    "bin_width_min": 5,
    "max_time_min": 180,
    "bin_edges_min": [
      0,
      5,
      10,
      15,
      20,
      25,
      30,
      35,
      40,
      45,
      50,
      55,
      60,
      65,
      70,
      75,
      80,
      85,
      90,
      95,
      100,
      105,
      110,
      115,
      120,
      125,
      130,
      135,
      140,
      145,
      150,
      155,
      160,
      165,
      170,
      175,
      180
    ],
    "counts": [
      17,
      182,
      523,
      482,
      358,
      192,
      163,
      88,
      77,
      48,
      37,
      31,
      18,
      24,
      10,
      16,
      10,
      6,
      13,
      5,
      5,
      7,
      4,
      2,
      6,
      5,
      0,
      5,
      2,
      3,
      2,
      2,
      3,
      0,
      2,
      23
    ]
  }
}