{
  "schema": "nova.complete_trip.od_stats.v1",
  "generated_at": "2026-01-10T13:26:02.779023Z",
  "od": {
    "origin": "49035101402",
    "destination": "49035980000"
  },
  "coverage": {
    "temporal": "year-2020",
    "spatial": "Salt Lake 6-county"
  },
  "counts": {
    "linked_trips": 65
  },
  "trip_duration_min": {
    "min": 16.216666666666665,
    "mean": 33.11589743589744,
    "p25": 22.95,
    "median": 27.633333333333333,
    "p75": 36.1,
    "max": 85.55
  },
  "segments": {
    "avg": 1.0461538461538462,
    "p75": 1,
    "max": 2
  },
  "mode_involvement": {
    "car": 0.5076923076923077,
    "bus": 0.06153846153846154,
    "rail": 0.38461538461538464,
    "walk": 0.06153846153846154
  },
  "travel_time_distribution": {
    "bin_width_min": 5,
    "max_time_min": 180,
    "bin_edges_min": [
      0,
      5,
      10,
      15,
      20,
      25,
      30,
      35,
      40,
      45,
      50,
      55,
      60,
      65,
      70,
      75,
      80,
      85,
      90,
      95,
      100,
      105,
      110,
      115,
      120,
      125,
      130,
      135,
      140,
      145,
      150,
      155,
      160,
      165,
      170,
      175,
      180
    ],
    "counts": [
      0,
      0,
      0,
      3,
      21,
      13,
      11,
      2,
      4,
      3,
      1,
      1,
      1,
      3,
      0,
      0,
      1,
      1,
      0,
      0,
      0,
      0,
      0,
      0,
      0,
      0,
      0,
      0,
      0,
      0,
      0,
      0,
      0,
      0,
      0,
      0
    ]
  }
}