{
  "schema": "nova.complete_trip.od_stats.v1",
  "generated_at": "2026-01-08T01:01:54.000309Z",
  "od": {
    "origin": "49035980000",
    "destination": "49035101402"
  },
  "coverage": {
    "temporal": "year-2020",
    "spatial": "Salt Lake 6-county"
  },
  "counts": {
    "linked_trips": 122
  },
  "trip_duration_min": {
    "min": 10.35,
    "mean": 34.47827868852458,
    "p25": 22.90833333333333,
    "median": 29.924999999999997,
    "p75": 37.4625,
    "max": 165.23333333333332
  },
  "segments": {
    "avg": 1.0491803278688525,
    "p75": 1,
    "max": 2
  },
  "mode_involvement": {
    "car": 0.7704918032786885,
    "bus": 0.01639344262295082,
    "rail": 0.18032786885245902,
    "walk": 0.0
  },
  "travel_time_distribution": {
    "bin_width_min": 5,
    "max_time_min": 180,
    "bin_edges_min": [
      0,
      5,
      10,
      15,
      20,
      25,
      30,
      35,
      40,
      45,
      50,
      55,
      60,
      65,
      70,
      75,
      80,
      85,
      90,
      95,
      100,
      105,
      110,
      115,
      120,
      125,
      130,
      135,
      140,
      145,
      150,
      155,
      160,
      165,
      170,
      175,
      180
    ],
    "counts": [
      0,
      0,
      2,
      10,
      25,
      25,
      23,
      8,
      15,
      3,
      2,
      1,
      0,
      1,
      1,
      0,
      1,
      2,
      0,
      0,
      0,
      0,
      0,
      2,
      0,
      0,
      0,
      0,
      0,
      0,
      0,
      0,
      0,
      1,
      0,
      0
    ]
  }
}