{
  "schema": "nova.complete_trip.od_stats.v1",
  "generated_at": "2026-01-08T01:41:12.283294Z",
  "od": {
    "origin": "49035114000",
    "destination": "49035114000"
  },
  "coverage": {
    "temporal": "year-2020",
    "spatial": "Salt Lake 6-county"
  },
  "counts": {
    "linked_trips": 6072
  },
  "trip_duration_min": {
    "min": 0.13333333333333333,
    "mean": 17.922392402283705,
    "p25": 4.733333333333333,
    "median": 8.033333333333333,
    "p75": 14.216666666666667,
    "max": 997.3
  },
  "segments": {
    "avg": 1.0370553359683794,
    "p75": 1,
    "max": 4
  },
  "mode_involvement": {
    "car": 0.4053030303030303,
    "bus": 0.04298418972332016,
    "rail": 0.07015810276679842,
    "walk": 0.0
  },
  "travel_time_distribution": {
    "bin_width_min": 5,
    "max_time_min": 180,
    "bin_edges_min": [
      0,
      5,
      10,
      15,
      20,
      25,
      30,
      35,
      40,
      45,
      50,
      55,
      60,
      65,
      70,
      75,
      80,
      85,
      90,
      95,
      100,
      105,
      110,
      115,
      120,
      125,
      130,
      135,
      140,
      145,
      150,
      155,
      160,
      165,
      170,
      175,
      180
    ],
    "counts": [
      1663,
      2113,
      856,
      366,
      250,
      114,
      118,
      88,
      71,
      47,
      63,
      41,
      35,
      15,
      16,
      18,
      16,
      13,
      11,
      9,
      6,
      5,
      7,
      4,
      7,
      6,
      4,
      4,
      8,
      5,
      1,
      2,
      2,
      3,
      6,
      79
    ]
  }
}