{
  "schema": "nova.complete_trip.od_stats.v1",
  "generated_at": "2026-01-08T01:31:17.808747Z",
  "od": {
    "origin": "49035101402",
    "destination": "49035980000"
  },
  "coverage": {
    "temporal": "year-2020",
    "spatial": "Salt Lake 6-county"
  },
  "counts": {
    "linked_trips": 94
  },
  "trip_duration_min": {
    "min": 16.03333333333333,
    "mean": 32.57127659574468,
    "p25": 22.7875,
    "median": 27.833333333333332,
    "p75": 35.74166666666667,
    "max": 85.55
  },
  "segments": {
    "avg": 1.0638297872340425,
    "p75": 1,
    "max": 3
  },
  "mode_involvement": {
    "car": 0.6063829787234043,
    "bus": 0.0425531914893617,
    "rail": 0.3191489361702128,
    "walk": 0.0
  },
  "travel_time_distribution": {
    "bin_width_min": 5,
    "max_time_min": 180,
    "bin_edges_min": [
      0,
      5,
      10,
      15,
      20,
      25,
      30,
      35,
      40,
      45,
      50,
      55,
      60,
      65,
      70,
      75,
      80,
      85,
      90,
      95,
      100,
      105,
      110,
      115,
      120,
      125,
      130,
      135,
      140,
      145,
      150,
      155,
      160,
      165,
      170,
      175,
      180
    ],
    "counts": [
      0,
      0,
      0,
      5,
      29,
      19,
      17,
      3,
      7,
      3,
      3,
      1,
      2,
      3,
      0,
      0,
      1,
      1,
      0,
      0,
      0,
      0,
      0,
      0,
      0,
      0,
      0,
      0,
      0,
      0,
      0,
      0,
      0,
      0,
      0,
      0
    ]
  }
}