{
  "schema": "nova.complete_trip.od_stats.v1",
  "generated_at": "2026-01-08T00:27:26.997833Z",
  "od": {
    "origin": "49035114000",
    "destination": "49035980000"
  },
  "coverage": {
    "temporal": "year-2020",
    "spatial": "Salt Lake 6-county"
  },
  "counts": {
    "linked_trips": 334
  },
  "trip_duration_min": {
    "min": 5.516666666666667,
    "mean": 26.535528942115768,
    "p25": 12.8625,
    "median": 19.416666666666664,
    "p75": 29.9625,
    "max": 337.73333333333335
  },
  "segments": {
    "avg": 1.0658682634730539,
    "p75": 1,
    "max": 3
  },
  "mode_involvement": {
    "car": 0.6676646706586826,
    "bus": 0.020958083832335328,
    "rail": 0.27245508982035926,
    "walk": 0.0
  },
  "travel_time_distribution": {
    "bin_width_min": 5,
    "max_time_min": 180,
    "bin_edges_min": [
      0,
      5,
      10,
      15,
      20,
      25,
      30,
      35,
      40,
      45,
      50,
      55,
      60,
      65,
      70,
      75,
      80,
      85,
      90,
      95,
      100,
      105,
      110,
      115,
      120,
      125,
      130,
      135,
      140,
      145,
      150,
      155,
      160,
      165,
      170,
      175,
      180
    ],
    "counts": [
      0,
      30,
      82,
      58,
      55,
      26,
      24,
      14,
      14,
      6,
      4,
      4,
      3,
      0,
      2,
      2,
      0,
      1,
      2,
      0,
      0,
      1,
      1,
      0,
      1,
      0,
      0,
      0,
      0,
      0,
      0,
      0,
      0,
      0,
      2,
      2
    ]
  }
}