{
  "schema": "nova.complete_trip.od_stats.v1",
  "generated_at": "2026-01-08T01:37:24.961465Z",
  "od": {
    "origin": "49035101402",
    "destination": "49035110106"
  },
  "coverage": {
    "temporal": "year-2020",
    "spatial": "Salt Lake 6-county"
  },
  "counts": {
    "linked_trips": 29
  },
  "trip_duration_min": {
    "min": 20.2,
    "mean": 64.81494252873564,
    "p25": 29.133333333333333,
    "median": 40.2,
    "p75": 79.45,
    "max": 259.06666666666666
  },
  "segments": {
    "avg": 1.103448275862069,
    "p75": 1,
    "max": 2
  },
  "mode_involvement": {
    "car": 0.7931034482758621,
    "bus": 0.2413793103448276,
    "rail": 0.0,
    "walk": 0.0
  },
  "travel_time_distribution": {
    "bin_width_min": 5,
    "max_time_min": 180,
    "bin_edges_min": [
      0,
      5,
      10,
      15,
      20,
      25,
      30,
      35,
      40,
      45,
      50,
      55,
      60,
      65,
      70,
      75,
      80,
      85,
      90,
      95,
      100,
      105,
      110,
      115,
      120,
      125,
      130,
      135,
      140,
      145,
      150,
      155,
      160,
      165,
      170,
      175,
      180
    ],
    "counts": [
      0,
      0,
      0,
      0,
      4,
      4,
      2,
      4,
      1,
      3,
      0,
      2,
      0,
      0,
      0,
      2,
      1,
      1,
      0,
      0,
      0,
      1,
      1,
      0,
      0,
      0,
      0,
      0,
      0,
      0,
      0,
      0,
      0,
      0,
      0,
      3
    ]
  }
}