{
  "schema": "nova.complete_trip.od_stats.v1",
  "generated_at": "2026-01-08T00:47:29.787342Z",
  "od": {
    "origin": "49035980000",
    "destination": "49035114000"
  },
  "coverage": {
    "temporal": "year-2020",
    "spatial": "Salt Lake 6-county"
  },
  "counts": {
    "linked_trips": 316
  },
  "trip_duration_min": {
    "min": 4.85,
    "mean": 28.313660337552747,
    "p25": 13.9125,
    "median": 20.208333333333332,
    "p75": 31.55,
    "max": 294.23333333333335
  },
  "segments": {
    "avg": 1.0664556962025316,
    "p75": 1,
    "max": 3
  },
  "mode_involvement": {
    "car": 0.7974683544303798,
    "bus": 0.0189873417721519,
    "rail": 0.1550632911392405,
    "walk": 0.0
  },
  "travel_time_distribution": {
    "bin_width_min": 5,
    "max_time_min": 180,
    "bin_edges_min": [
      0,
      5,
      10,
      15,
      20,
      25,
      30,
      35,
      40,
      45,
      50,
      55,
      60,
      65,
      70,
      75,
      80,
      85,
      90,
      95,
      100,
      105,
      110,
      115,
      120,
      125,
      130,
      135,
      140,
      145,
      150,
      155,
      160,
      165,
      170,
      175,
      180
    ],
    "counts": [
      1,
      21,
      69,
      61,
      63,
      17,
      26,
      12,
      10,
      4,
      2,
      4,
      1,
      3,
      3,
      2,
      3,
      1,
      2,
      1,
      2,
      0,
      1,
      1,
      1,
      1,
      0,
      1,
      0,
      0,
      1,
      0,
      0,
      0,
      0,
      2
    ]
  }
}