{
  "schema": "nova.complete_trip.od_stats.v1",
  "generated_at": "2026-01-08T01:27:34.559191Z",
  "od": {
    "origin": "49035101402",
    "destination": "49035114000"
  },
  "coverage": {
    "temporal": "year-2020",
    "spatial": "Salt Lake 6-county"
  },
  "counts": {
    "linked_trips": 619
  },
  "trip_duration_min": {
    "min": 3.5833333333333335,
    "mean": 22.542084006462034,
    "p25": 14.841666666666667,
    "median": 18.733333333333334,
    "p75": 23.791666666666664,
    "max": 763.4833333333333
  },
  "segments": {
    "avg": 1.0823909531502423,
    "p75": 1,
    "max": 3
  },
  "mode_involvement": {
    "car": 0.4458804523424879,
    "bus": 0.07431340872374798,
    "rail": 0.38126009693053314,
    "walk": 0.0
  },
  "travel_time_distribution": {
    "bin_width_min": 5,
    "max_time_min": 180,
    "bin_edges_min": [
      0,
      5,
      10,
      15,
      20,
      25,
      30,
      35,
      40,
      45,
      50,
      55,
      60,
      65,
      70,
      75,
      80,
      85,
      90,
      95,
      100,
      105,
      110,
      115,
      120,
      125,
      130,
      135,
      140,
      145,
      150,
      155,
      160,
      165,
      170,
      175,
      180
    ],
    "counts": [
      2,
      23,
      136,
      181,
      138,
      59,
      35,
      16,
      10,
      4,
      1,
      3,
      4,
      0,
      1,
      1,
      0,
      1,
      0,
      0,
      0,
      0,
      1,
      0,
      0,
      0,
      0,
      0,
      0,
      1,
      0,
      0,
      0,
      0,
      0,
      2
    ]
  }
}