{
  "schema": "nova.complete_trip.od_stats.v1",
  "generated_at": "2026-01-08T00:52:03.860523Z",
  "od": {
    "origin": "49035980000",
    "destination": "49035110106"
  },
  "coverage": {
    "temporal": "year-2020",
    "spatial": "Salt Lake 6-county"
  },
  "counts": {
    "linked_trips": 28
  },
  "trip_duration_min": {
    "min": 18.316666666666666,
    "mean": 63.76904761904762,
    "p25": 41.454166666666666,
    "median": 55.825,
    "p75": 81.15833333333333,
    "max": 231.31666666666666
  },
  "segments": {
    "avg": 1.1785714285714286,
    "p75": 1,
    "max": 3
  },
  "mode_involvement": {
    "car": 0.9642857142857143,
    "bus": 0.10714285714285714,
    "rail": 0.0,
    "walk": 0.0
  },
  "travel_time_distribution": {
    "bin_width_min": 5,
    "max_time_min": 180,
    "bin_edges_min": [
      0,
      5,
      10,
      15,
      20,
      25,
      30,
      35,
      40,
      45,
      50,
      55,
      60,
      65,
      70,
      75,
      80,
      85,
      90,
      95,
      100,
      105,
      110,
      115,
      120,
      125,
      130,
      135,
      140,
      145,
      150,
      155,
      160,
      165,
      170,
      175,
      180
    ],
    "counts": [
      0,
      0,
      0,
      2,
      4,
      0,
      0,
      0,
      5,
      1,
      1,
      3,
      1,
      1,
      2,
      0,
      2,
      1,
      1,
      1,
      0,
      1,
      0,
      1,
      0,
      0,
      0,
      0,
      0,
      0,
      0,
      0,
      0,
      0,
      0,
      1
    ]
  }
}