{
  "schema": "nova.complete_trip.od_stats.v1",
  "generated_at": "2026-01-08T01:19:50.669518Z",
  "od": {
    "origin": "49035110106",
    "destination": "49035980000"
  },
  "coverage": {
    "temporal": "year-2020",
    "spatial": "Salt Lake 6-county"
  },
  "counts": {
    "linked_trips": 16
  },
  "trip_duration_min": {
    "min": 21.616666666666667,
    "mean": 72.14270833333333,
    "p25": 41.63333333333333,
    "median": 56.608333333333334,
    "p75": 88.12083333333334,
    "max": 228.95
  },
  "segments": {
    "avg": 1.0625,
    "p75": 1,
    "max": 2
  },
  "mode_involvement": {
    "car": 1.0,
    "bus": 0.0625,
    "rail": 0.0,
    "walk": 0.0
  },
  "travel_time_distribution": {
    "bin_width_min": 5,
    "max_time_min": 180,
    "bin_edges_min": [
      0,
      5,
      10,
      15,
      20,
      25,
      30,
      35,
      40,
      45,
      50,
      55,
      60,
      65,
      70,
      75,
      80,
      85,
      90,
      95,
      100,
      105,
      110,
      115,
      120,
      125,
      130,
      135,
      140,
      145,
      150,
      155,
      160,
      165,
      170,
      175,
      180
    ],
    "counts": [
      0,
      0,
      0,
      0,
      1,
      0,
      1,
      1,
      2,
      1,
      2,
      1,
      0,
      0,
      1,
      1,
      0,
      2,
      0,
      1,
      0,
      0,
      0,
      0,
      1,
      0,
      0,
      0,
      0,
      0,
      0,
      0,
      0,
      0,
      0,
      1
    ]
  }
}