{
  "schema": "nova.complete_trip.od_stats.v1",
  "generated_at": "2026-01-08T01:23:26.016684Z",
  "od": {
    "origin": "49035110106",
    "destination": "49035101402"
  },
  "coverage": {
    "temporal": "year-2020",
    "spatial": "Salt Lake 6-county"
  },
  "counts": {
    "linked_trips": 41
  },
  "trip_duration_min": {
    "min": 12.05,
    "mean": 67.75162601626018,
    "p25": 37.35,
    "median": 55.583333333333336,
    "p75": 78.46666666666667,
    "max": 233.71666666666667
  },
  "segments": {
    "avg": 1.1219512195121952,
    "p75": 1,
    "max": 3
  },
  "mode_involvement": {
    "car": 0.926829268292683,
    "bus": 0.12195121951219512,
    "rail": 0.0,
    "walk": 0.0
  },
  "travel_time_distribution": {
    "bin_width_min": 5,
    "max_time_min": 180,
    "bin_edges_min": [
      0,
      5,
      10,
      15,
      20,
      25,
      30,
      35,
      40,
      45,
      50,
      55,
      60,
      65,
      70,
      75,
      80,
      85,
      90,
      95,
      100,
      105,
      110,
      115,
      120,
      125,
      130,
      135,
      140,
      145,
      150,
      155,
      160,
      165,
      170,
      175,
      180
    ],
    "counts": [
      0,
      0,
      1,
      1,
      3,
      1,
      3,
      6,
      1,
      1,
      3,
      4,
      0,
      3,
      2,
      2,
      0,
      1,
      1,
      1,
      0,
      1,
      0,
      0,
      1,
      1,
      0,
      0,
      0,
      1,
      0,
      1,
      1,
      0,
      0,
      1
    ]
  }
}