{
  "schema": "nova.complete_trip.od_stats.v1",
  "generated_at": "2026-01-08T01:45:07.337469Z",
  "od": {
    "origin": "49035980000",
    "destination": "49035980000"
  },
  "coverage": {
    "temporal": "year-2020",
    "spatial": "Salt Lake 6-county"
  },
  "counts": {
    "linked_trips": 7578
  },
  "trip_duration_min": {
    "min": 0.15,
    "mean": 21.749082871470044,
    "p25": 6.316666666666666,
    "median": 10.516666666666667,
    "p75": 20.5625,
    "max": 881.1333333333333
  },
  "segments": {
    "avg": 1.009501187648456,
    "p75": 1,
    "max": 10
  },
  "mode_involvement": {
    "car": 0.35471100554235946,
    "bus": 0.0040907891264185805,
    "rail": 0.015571390868302983,
    "walk": 0.0
  },
  "travel_time_distribution": {
    "bin_width_min": 5,
    "max_time_min": 180,
    "bin_edges_min": [
      0,
      5,
      10,
      15,
      20,
      25,
      30,
      35,
      40,
      45,
      50,
      55,
      60,
      65,
      70,
      75,
      80,
      85,
      90,
      95,
      100,
      105,
      110,
      115,
      120,
      125,
      130,
      135,
      140,
      145,
      150,
      155,
      160,
      165,
      170,
      175,
      180
    ],
    "counts": [
      1098,
      2437,
      1354,
      682,
      474,
      280,
      218,
      130,
      129,
      100,
      85,
      66,
      65,
      42,
      36,
      32,
      32,
      25,
      25,
      24,
      19,
      22,
      17,
      12,
      11,
      14,
      17,
      9,
      8,
      6,
      6,
      4,
      7,
      3,
      9,
      80
    ]
  }
}