{
  "schema": "nova.complete_trip.od_stats.v1",
  "generated_at": "2026-01-08T01:53:19.119783Z",
  "od": {
    "origin": "49035101402",
    "destination": "49035101402"
  },
  "coverage": {
    "temporal": "year-2020",
    "spatial": "Salt Lake 6-county"
  },
  "counts": {
    "linked_trips": 5817
  },
  "trip_duration_min": {
    "min": 0.18333333333333332,
    "mean": 16.34927224800871,
    "p25": 5.333333333333333,
    "median": 8.516666666666667,
    "p75": 14.0,
    "max": 702.5666666666667
  },
  "segments": {
    "avg": 1.0314595152140278,
    "p75": 1,
    "max": 4
  },
  "mode_involvement": {
    "car": 0.2638817259755888,
    "bus": 0.049681966649475676,
    "rail": 0.09919202337974901,
    "walk": 0.0
  },
  "travel_time_distribution": {
    "bin_width_min": 5,
    "max_time_min": 180,
    "bin_edges_min": [
      0,
      5,
      10,
      15,
      20,
      25,
      30,
      35,
      40,
      45,
      50,
      55,
      60,
      65,
      70,
      75,
      80,
      85,
      90,
      95,
      100,
      105,
      110,
      115,
      120,
      125,
      130,
      135,
      140,
      145,
      150,
      155,
      160,
      165,
      170,
      175,
      180
    ],
    "counts": [
      1228,
      2137,
      1127,
      433,
      232,
      119,
      80,
      62,
      43,
      32,
      35,
      32,
      27,
      21,
      24,
      16,
      12,
      6,
      12,
      11,
      5,
      6,
      8,
      11,
      6,
      5,
      3,
      2,
      3,
      5,
      5,
      3,
      1,
      8,
      0,
      57
    ]
  }
}